iteration,placebo_ate,placebo_std_error,placebo_p_value,true_ate,outcome_column,treatment_column
1,0.051647374511147745,0.02152627377857489,0.016427730607898892,-0.054088977915864256,co2_emission_intensity,digital_inclusive_finance_index
2,0.00379693378364553,0.024388805450703984,0.8762825298398016,-0.054088977915864256,co2_emission_intensity,digital_inclusive_finance_index
3,-0.016220353749105843,0.01448728669977373,0.26287285071117494,-0.054088977915864256,co2_emission_intensity,digital_inclusive_finance_index
4,-0.011582215823768742,0.014747989835732748,0.432253077328256,-0.054088977915864256,co2_emission_intensity,digital_inclusive_finance_index
5,-0.006070189873946181,0.018228546106887088,0.7391308038463492,-0.054088977915864256,co2_emission_intensity,digital_inclusive_finance_index
6,-0.02706657218822608,0.021335135747295803,0.2045700668156888,-0.054088977915864256,co2_emission_intensity,digital_inclusive_finance_index
7,-0.0035243852449178825,0.01576097700465063,0.8230571687743742,-0.054088977915864256,co2_emission_intensity,digital_inclusive_finance_index
8,0.01156893935464544,0.015136600438936327,0.4446870826045134,-0.054088977915864256,co2_emission_intensity,digital_inclusive_finance_index
9,0.03475053186005346,0.016565409360710857,0.0359248646198582,-0.054088977915864256,co2_emission_intensity,digital_inclusive_finance_index
10,-0.01924744021314266,0.022015738431901813,0.38197764857904826,-0.054088977915864256,co2_emission_intensity,digital_inclusive_finance_index
11,0.01233812033598455,0.013058587794031098,0.3447466574421414,-0.054088977915864256,co2_emission_intensity,digital_inclusive_finance_index
12,0.04262341855932153,0.02008508573694532,0.03382575456940347,-0.054088977915864256,co2_emission_intensity,digital_inclusive_finance_index
13,0.013312815892707818,0.014413925593163204,0.35569048675306647,-0.054088977915864256,co2_emission_intensity,digital_inclusive_finance_index
14,-0.004753957875875047,0.0209627136128518,0.8205935667557537,-0.054088977915864256,co2_emission_intensity,digital_inclusive_finance_index
15,-0.00827011566945869,0.016016585267633377,0.6056120791256245,-0.054088977915864256,co2_emission_intensity,digital_inclusive_finance_index
16,-0.009537862682191289,0.01278804725050878,0.45576286784339415,-0.054088977915864256,co2_emission_intensity,digital_inclusive_finance_index
17,0.020831873012522744,0.015244627508606994,0.17178023896740424,-0.054088977915864256,co2_emission_intensity,digital_inclusive_finance_index
18,0.00524502780935517,0.012546599203234067,0.6759151052591884,-0.054088977915864256,co2_emission_intensity,digital_inclusive_finance_index
19,-0.009452476252302342,0.032307632478590004,0.7698453526761648,-0.054088977915864256,co2_emission_intensity,digital_inclusive_finance_index
20,0.013449595014565711,0.014203423665592194,0.3436763497710459,-0.054088977915864256,co2_emission_intensity,digital_inclusive_finance_index
21,-0.002368636849620094,0.01811467494313391,0.8959668281300867,-0.054088977915864256,co2_emission_intensity,digital_inclusive_finance_index
22,-0.0038299981236205264,0.018928221091287334,0.8396483760669968,-0.054088977915864256,co2_emission_intensity,digital_inclusive_finance_index
23,0.027582901178419432,0.015794852895480032,0.08075499224473738,-0.054088977915864256,co2_emission_intensity,digital_inclusive_finance_index
24,0.012062651698223943,0.021615270316202594,0.5768023412328941,-0.054088977915864256,co2_emission_intensity,digital_inclusive_finance_index
25,0.012379004308999741,0.01770938143317767,0.4845468544199997,-0.054088977915864256,co2_emission_intensity,digital_inclusive_finance_index
26,-0.016156312736006664,0.017932021345660198,0.3676013214224413,-0.054088977915864256,co2_emission_intensity,digital_inclusive_finance_index
27,0.02108350334552158,0.0154828837234342,0.1732831895866307,-0.054088977915864256,co2_emission_intensity,digital_inclusive_finance_index
28,-0.009989991886647839,0.03019445863261879,0.7407539072035582,-0.054088977915864256,co2_emission_intensity,digital_inclusive_finance_index
29,0.014419823891422306,0.015416095080042318,0.349595278042769,-0.054088977915864256,co2_emission_intensity,digital_inclusive_finance_index
30,0.0039049695419119033,0.012609822169325963,0.7568067370923367,-0.054088977915864256,co2_emission_intensity,digital_inclusive_finance_index
31,0.01091661633715539,0.019548455828411748,0.5765447799917869,-0.054088977915864256,co2_emission_intensity,digital_inclusive_finance_index
32,-0.004031336010061171,0.011588825976486151,0.7279422803897864,-0.054088977915864256,co2_emission_intensity,digital_inclusive_finance_index
33,0.024653540635833596,0.017635208055843003,0.1621212446799981,-0.054088977915864256,co2_emission_intensity,digital_inclusive_finance_index
34,0.03214195644549307,0.018804712652745956,0.08740463747606916,-0.054088977915864256,co2_emission_intensity,digital_inclusive_finance_index
35,0.01915517435612555,0.017323196122128095,0.26883348620668024,-0.054088977915864256,co2_emission_intensity,digital_inclusive_finance_index
36,0.019719910182797437,0.014974718068725754,0.18787877412938192,-0.054088977915864256,co2_emission_intensity,digital_inclusive_finance_index
37,-0.006029158998468242,0.017049740501481298,0.7236223754083417,-0.054088977915864256,co2_emission_intensity,digital_inclusive_finance_index
38,-0.0013639437113467283,0.014898210513754595,0.9270549100365852,-0.054088977915864256,co2_emission_intensity,digital_inclusive_finance_index
39,0.017096310168690457,0.01587816932822097,0.28160628395221465,-0.054088977915864256,co2_emission_intensity,digital_inclusive_finance_index
40,-0.023348245301199153,0.014506499410901444,0.10750653540344421,-0.054088977915864256,co2_emission_intensity,digital_inclusive_finance_index
41,0.00821022371514944,0.018856687125846604,0.6632712582543012,-0.054088977915864256,co2_emission_intensity,digital_inclusive_finance_index
42,-0.01133745664133332,0.025713590520931938,0.6592759733616604,-0.054088977915864256,co2_emission_intensity,digital_inclusive_finance_index
43,0.02861463647360057,0.01974380397199331,0.1472546499280582,-0.054088977915864256,co2_emission_intensity,digital_inclusive_finance_index
44,0.01984856251598527,0.01718952102218794,0.24821752742410297,-0.054088977915864256,co2_emission_intensity,digital_inclusive_finance_index
45,0.0031165573965134877,0.01417449516064702,0.825971788727093,-0.054088977915864256,co2_emission_intensity,digital_inclusive_finance_index
46,0.031958947045545236,0.015566336428693133,0.04006473802303515,-0.054088977915864256,co2_emission_intensity,digital_inclusive_finance_index
47,0.014946843444456308,0.022323230747308347,0.5031354332900764,-0.054088977915864256,co2_emission_intensity,digital_inclusive_finance_index
48,0.0016741471400089176,0.01353303308317378,0.9015463202372591,-0.054088977915864256,co2_emission_intensity,digital_inclusive_finance_index
49,-0.011602969876016124,0.01602731237634606,0.46909654378523336,-0.054088977915864256,co2_emission_intensity,digital_inclusive_finance_index
50,0.0037409383151182363,0.01824713754866219,0.837560345237146,-0.054088977915864256,co2_emission_intensity,digital_inclusive_finance_index
51,-0.018583205366505384,0.013392572312315661,0.16526634286686914,-0.054088977915864256,co2_emission_intensity,digital_inclusive_finance_index
52,-0.011942116139541598,0.01646800756125805,0.468347331539418,-0.054088977915864256,co2_emission_intensity,digital_inclusive_finance_index
53,-0.031879503747642556,0.014831126268479426,0.03159479765484593,-0.054088977915864256,co2_emission_intensity,digital_inclusive_finance_index
54,-0.016292856064082272,0.01693534782609676,0.3360184174664804,-0.054088977915864256,co2_emission_intensity,digital_inclusive_finance_index
55,0.007855355322803353,0.017861240174751464,0.6600827019085587,-0.054088977915864256,co2_emission_intensity,digital_inclusive_finance_index
56,-0.02514790218274181,0.01890415355588332,0.1834245569839713,-0.054088977915864256,co2_emission_intensity,digital_inclusive_finance_index
57,-0.03505156212815029,0.019772835764383382,0.0762762832108538,-0.054088977915864256,co2_emission_intensity,digital_inclusive_finance_index
58,-0.008831935647622097,0.01674843779984191,0.5979651932358361,-0.054088977915864256,co2_emission_intensity,digital_inclusive_finance_index
59,-0.006427551722141949,0.013331933283232034,0.6297228316826833,-0.054088977915864256,co2_emission_intensity,digital_inclusive_finance_index
60,0.010624143235486806,0.014511414732068354,0.4640933810938974,-0.054088977915864256,co2_emission_intensity,digital_inclusive_finance_index
61,0.01780019455547643,0.0175099128501968,0.30935415990148873,-0.054088977915864256,co2_emission_intensity,digital_inclusive_finance_index
62,0.0067176364583300015,0.01775393762837386,0.7051524427076088,-0.054088977915864256,co2_emission_intensity,digital_inclusive_finance_index
63,0.012493376356386934,0.016946963251647865,0.46099804086179963,-0.054088977915864256,co2_emission_intensity,digital_inclusive_finance_index
64,-0.021241612773006385,0.014946190552015156,0.15525693763309176,-0.054088977915864256,co2_emission_intensity,digital_inclusive_finance_index
65,0.014823606686308591,0.017112319535357242,0.386351160430499,-0.054088977915864256,co2_emission_intensity,digital_inclusive_finance_index
66,-0.012906806737958227,0.014604352842263345,0.37682342207851327,-0.054088977915864256,co2_emission_intensity,digital_inclusive_finance_index
67,-0.005601875467164263,0.018339752930128284,0.7600235313467315,-0.054088977915864256,co2_emission_intensity,digital_inclusive_finance_index
68,0.015962048206377845,0.02180797591569142,0.4642074766008947,-0.054088977915864256,co2_emission_intensity,digital_inclusive_finance_index
69,-0.014010788447144429,0.014424877110639044,0.33140217673593375,-0.054088977915864256,co2_emission_intensity,digital_inclusive_finance_index
70,-0.01505940329072926,0.020899487968545745,0.47117826211336855,-0.054088977915864256,co2_emission_intensity,digital_inclusive_finance_index
71,0.00934407337170524,0.027233471024986813,0.731515787690038,-0.054088977915864256,co2_emission_intensity,digital_inclusive_finance_index
72,0.020552420956856898,0.015053244754624407,0.17215406448157633,-0.054088977915864256,co2_emission_intensity,digital_inclusive_finance_index
73,-0.002536704784385096,0.01912138906334001,0.8944597426207749,-0.054088977915864256,co2_emission_intensity,digital_inclusive_finance_index
74,-0.03158404650653296,0.020624706286654703,0.12567809342630973,-0.054088977915864256,co2_emission_intensity,digital_inclusive_finance_index
75,-0.004999274242030782,0.015299005506391955,0.7438409509575747,-0.054088977915864256,co2_emission_intensity,digital_inclusive_finance_index
76,0.03607798219541874,0.02393869593959574,0.1317853100323841,-0.054088977915864256,co2_emission_intensity,digital_inclusive_finance_index
77,-0.0024197780501677753,0.01513237317014202,0.8729540399643605,-0.054088977915864256,co2_emission_intensity,digital_inclusive_finance_index
78,0.016622266274389935,0.01710632484445893,0.3311983499580302,-0.054088977915864256,co2_emission_intensity,digital_inclusive_finance_index
79,-0.011400947755969892,0.019612535013198016,0.5610320565466642,-0.054088977915864256,co2_emission_intensity,digital_inclusive_finance_index
80,-0.003933214690161543,0.01469908779305486,0.7890209107517162,-0.054088977915864256,co2_emission_intensity,digital_inclusive_finance_index
81,0.002401191687855731,0.01504160411141527,0.8731672858831249,-0.054088977915864256,co2_emission_intensity,digital_inclusive_finance_index
82,0.030206434362361055,0.024492752398019194,0.21747112387156853,-0.054088977915864256,co2_emission_intensity,digital_inclusive_finance_index
83,-0.002392182201000886,0.018617199692466873,0.8977587371458768,-0.054088977915864256,co2_emission_intensity,digital_inclusive_finance_index
84,0.003005514837673801,0.01552602526435864,0.8465054220217778,-0.054088977915864256,co2_emission_intensity,digital_inclusive_finance_index
85,0.00237129772062712,0.01825820468978068,0.8966647437697103,-0.054088977915864256,co2_emission_intensity,digital_inclusive_finance_index
86,0.028811071340331465,0.017096416303893122,0.09194784105198896,-0.054088977915864256,co2_emission_intensity,digital_inclusive_finance_index
87,0.014580402616954214,0.017832880182403848,0.4135779473457204,-0.054088977915864256,co2_emission_intensity,digital_inclusive_finance_index
88,-0.016582061498562114,0.01808745939720041,0.359262557598238,-0.054088977915864256,co2_emission_intensity,digital_inclusive_finance_index
89,0.005136159507099267,0.018330329210575896,0.7793240138386729,-0.054088977915864256,co2_emission_intensity,digital_inclusive_finance_index
90,-0.005586924424804728,0.024285812404950678,0.8180537719799597,-0.054088977915864256,co2_emission_intensity,digital_inclusive_finance_index
91,0.017860993015688713,0.02158450942932249,0.40795867092275495,-0.054088977915864256,co2_emission_intensity,digital_inclusive_finance_index
92,-0.008168755749635765,0.01519287357173518,0.5908047388887512,-0.054088977915864256,co2_emission_intensity,digital_inclusive_finance_index
93,-0.0350720218536443,0.02033795853704702,0.08462460454132002,-0.054088977915864256,co2_emission_intensity,digital_inclusive_finance_index
94,0.015215268986685623,0.017956403520804888,0.39680284348764017,-0.054088977915864256,co2_emission_intensity,digital_inclusive_finance_index
95,0.015712031151049067,0.013871062231762628,0.25733180942255107,-0.054088977915864256,co2_emission_intensity,digital_inclusive_finance_index
96,0.004825951035593346,0.013947554718150157,0.7293374826063597,-0.054088977915864256,co2_emission_intensity,digital_inclusive_finance_index
97,-0.008567603791608399,0.017348860467939445,0.621417449543309,-0.054088977915864256,co2_emission_intensity,digital_inclusive_finance_index
98,0.004343001791814904,0.013624386657911628,0.749903374894028,-0.054088977915864256,co2_emission_intensity,digital_inclusive_finance_index
99,-0.020936449590121354,0.01249716683838758,0.09387623304607343,-0.054088977915864256,co2_emission_intensity,digital_inclusive_finance_index
100,0.015979793741535336,0.02470070632233897,0.5176729042309908,-0.054088977915864256,co2_emission_intensity,digital_inclusive_finance_index
101,0.008167794851065129,0.017636992779295167,0.6432884840596513,-0.054088977915864256,co2_emission_intensity,digital_inclusive_finance_index
102,0.02256668564675379,0.017042427192069946,0.18545409618347353,-0.054088977915864256,co2_emission_intensity,digital_inclusive_finance_index
103,-0.010542604004226908,0.015787716332174382,0.5042787745789927,-0.054088977915864256,co2_emission_intensity,digital_inclusive_finance_index
104,5.447489945583576e-05,0.01948399678373609,0.9977692141359494,-0.054088977915864256,co2_emission_intensity,digital_inclusive_finance_index
105,0.001373374103224776,0.017512467313924817,0.937491856535671,-0.054088977915864256,co2_emission_intensity,digital_inclusive_finance_index
106,0.003732818565355793,0.015476769589946716,0.8094090373851,-0.054088977915864256,co2_emission_intensity,digital_inclusive_finance_index
107,0.016041418895357876,0.017777980234806725,0.36688715015045925,-0.054088977915864256,co2_emission_intensity,digital_inclusive_finance_index
108,0.020260143606532117,0.02009689639566638,0.3133954143819516,-0.054088977915864256,co2_emission_intensity,digital_inclusive_finance_index
109,0.032946787841564434,0.029042975404537597,0.2566204970127499,-0.054088977915864256,co2_emission_intensity,digital_inclusive_finance_index
110,-0.013775472305998916,0.015177686710211179,0.3640824958404105,-0.054088977915864256,co2_emission_intensity,digital_inclusive_finance_index
111,-0.005386884266320503,0.016817957080439757,0.7487367490559522,-0.054088977915864256,co2_emission_intensity,digital_inclusive_finance_index
112,0.01605583309078847,0.013899592454275597,0.2480372872133878,-0.054088977915864256,co2_emission_intensity,digital_inclusive_finance_index
113,0.0035465933768776374,0.016320076854473425,0.8279630650545163,-0.054088977915864256,co2_emission_intensity,digital_inclusive_finance_index
114,0.01177306594765871,0.016826688040769144,0.48413574989268693,-0.054088977915864256,co2_emission_intensity,digital_inclusive_finance_index
115,-0.03317569781647693,0.015096914002262271,0.02798367295745485,-0.054088977915864256,co2_emission_intensity,digital_inclusive_finance_index
116,0.013170518622688067,0.014021423266821913,0.34756957294073876,-0.054088977915864256,co2_emission_intensity,digital_inclusive_finance_index
117,0.011323768066353107,0.018409599727352732,0.5384878472253213,-0.054088977915864256,co2_emission_intensity,digital_inclusive_finance_index
118,-0.019665730769863082,0.013185172053163824,0.13582934295268465,-0.054088977915864256,co2_emission_intensity,digital_inclusive_finance_index
119,0.00026123076068217035,0.014429170844380515,0.9855556076397227,-0.054088977915864256,co2_emission_intensity,digital_inclusive_finance_index
120,-0.011168045736467349,0.018483467261601782,0.5456986391635281,-0.054088977915864256,co2_emission_intensity,digital_inclusive_finance_index
121,-0.017025733206581788,0.019869066522084134,0.39150209712564366,-0.054088977915864256,co2_emission_intensity,digital_inclusive_finance_index
122,0.024815964992870462,0.020084829202114584,0.21662302331635386,-0.054088977915864256,co2_emission_intensity,digital_inclusive_finance_index
123,-0.015094777373010404,0.013652209065840004,0.2688713022259649,-0.054088977915864256,co2_emission_intensity,digital_inclusive_finance_index
124,0.02959338185795469,0.02279876062186421,0.1942784338863306,-0.054088977915864256,co2_emission_intensity,digital_inclusive_finance_index
125,0.01050196779711142,0.014248944027557935,0.4611011789901037,-0.054088977915864256,co2_emission_intensity,digital_inclusive_finance_index
126,0.029942534503369148,0.02081527768518467,0.15029553993599365,-0.054088977915864256,co2_emission_intensity,digital_inclusive_finance_index
127,0.019802143268073752,0.01775578132339302,0.264743108583528,-0.054088977915864256,co2_emission_intensity,digital_inclusive_finance_index
128,-0.01609177940998848,0.019796687745364618,0.4163028544106441,-0.054088977915864256,co2_emission_intensity,digital_inclusive_finance_index
129,-0.008518341106894851,0.01886593294560251,0.6516150023300588,-0.054088977915864256,co2_emission_intensity,digital_inclusive_finance_index
130,0.033136954211167406,0.024715616943806796,0.18000832633319408,-0.054088977915864256,co2_emission_intensity,digital_inclusive_finance_index
131,0.017070793195333517,0.01571786070739971,0.27744531575333553,-0.054088977915864256,co2_emission_intensity,digital_inclusive_finance_index
132,0.012076295507160922,0.018539530674870998,0.5148006603309876,-0.054088977915864256,co2_emission_intensity,digital_inclusive_finance_index
133,0.007602738295420269,0.0204419910509597,0.70995412624572,-0.054088977915864256,co2_emission_intensity,digital_inclusive_finance_index
134,-0.011854396909568712,0.025595481714250932,0.6432610655943218,-0.054088977915864256,co2_emission_intensity,digital_inclusive_finance_index
135,0.00870116386664487,0.01451022070117095,0.5487344628362743,-0.054088977915864256,co2_emission_intensity,digital_inclusive_finance_index
136,-0.027914806462596968,0.017481833035296705,0.11031264961798608,-0.054088977915864256,co2_emission_intensity,digital_inclusive_finance_index
137,0.007476612474241537,0.01571663618535447,0.6342786620462102,-0.054088977915864256,co2_emission_intensity,digital_inclusive_finance_index
138,0.02606619539582212,0.020892367592596835,0.2121621884256908,-0.054088977915864256,co2_emission_intensity,digital_inclusive_finance_index
139,0.008222247098441661,0.023155042873972395,0.7225181910201393,-0.054088977915864256,co2_emission_intensity,digital_inclusive_finance_index
140,-0.010362105361926182,0.015013009507027672,0.4900631378501804,-0.054088977915864256,co2_emission_intensity,digital_inclusive_finance_index
141,-0.020502245696114522,0.014256737840115176,0.15041302534537582,-0.054088977915864256,co2_emission_intensity,digital_inclusive_finance_index
142,0.024603919632188928,0.0204221199549763,0.228292819559196,-0.054088977915864256,co2_emission_intensity,digital_inclusive_finance_index
143,0.0032202528089217597,0.014550156506391847,0.8248426270658571,-0.054088977915864256,co2_emission_intensity,digital_inclusive_finance_index
144,0.00989658973845338,0.018198141037401805,0.5865624447297435,-0.054088977915864256,co2_emission_intensity,digital_inclusive_finance_index
145,0.04834247738259702,0.013804656830012278,0.0004619592940670635,-0.054088977915864256,co2_emission_intensity,digital_inclusive_finance_index
146,0.01620881220267798,0.021556493384835222,0.45209767181872706,-0.054088977915864256,co2_emission_intensity,digital_inclusive_finance_index
147,-0.00835886314089035,0.014845321772082152,0.5733914473246121,-0.054088977915864256,co2_emission_intensity,digital_inclusive_finance_index
148,-0.0277315407397821,0.019598049396576143,0.1570639952759313,-0.054088977915864256,co2_emission_intensity,digital_inclusive_finance_index
149,-0.008531876331096113,0.015579125334650952,0.5839336459040213,-0.054088977915864256,co2_emission_intensity,digital_inclusive_finance_index
150,-0.021450687305238594,0.017286505634733173,0.21464563234011558,-0.054088977915864256,co2_emission_intensity,digital_inclusive_finance_index
151,0.012345552583758159,0.01854728506310135,0.5056502725085169,-0.054088977915864256,co2_emission_intensity,digital_inclusive_finance_index
152,-0.019115844525767454,0.015212057081079098,0.2088896173205913,-0.054088977915864256,co2_emission_intensity,digital_inclusive_finance_index
153,0.015172406341889808,0.015978452480612818,0.34233882983623787,-0.054088977915864256,co2_emission_intensity,digital_inclusive_finance_index
154,0.010192088350934391,0.016913279399289206,0.5467690691285565,-0.054088977915864256,co2_emission_intensity,digital_inclusive_finance_index
155,-0.004311385982821927,0.012576236660152885,0.7317338471444155,-0.054088977915864256,co2_emission_intensity,digital_inclusive_finance_index
156,-0.02417361005798311,0.021361028725853548,0.25777369714126164,-0.054088977915864256,co2_emission_intensity,digital_inclusive_finance_index
157,-0.010735375643435768,0.01618494838381836,0.507142417415458,-0.054088977915864256,co2_emission_intensity,digital_inclusive_finance_index
158,-0.004100930622041828,0.019345094594632718,0.8321162869336478,-0.054088977915864256,co2_emission_intensity,digital_inclusive_finance_index
159,-0.0069736789491744895,0.013969897192305108,0.6176432207609539,-0.054088977915864256,co2_emission_intensity,digital_inclusive_finance_index
160,0.03803792883615829,0.015154336512855282,0.012071888484440275,-0.054088977915864256,co2_emission_intensity,digital_inclusive_finance_index
161,-0.038889485968444895,0.02986154444672536,0.1928047357312832,-0.054088977915864256,co2_emission_intensity,digital_inclusive_finance_index
162,0.001518590298037606,0.014673398051256442,0.9175719042406959,-0.054088977915864256,co2_emission_intensity,digital_inclusive_finance_index
163,-0.040062675392284294,0.02362609197383253,0.08994342043898858,-0.054088977915864256,co2_emission_intensity,digital_inclusive_finance_index
164,-0.013103773097516883,0.018169683108481893,0.47079332313283573,-0.054088977915864256,co2_emission_intensity,digital_inclusive_finance_index
165,-0.03592464737710322,0.021905883130919086,0.10101466800756717,-0.054088977915864256,co2_emission_intensity,digital_inclusive_finance_index
166,0.008798307306959538,0.01822261220655184,0.6292209892600897,-0.054088977915864256,co2_emission_intensity,digital_inclusive_finance_index
167,0.007690776296343927,0.02143168846973454,0.7197067860705951,-0.054088977915864256,co2_emission_intensity,digital_inclusive_finance_index
168,0.03572491806619037,0.02301528859859658,0.12060827440285028,-0.054088977915864256,co2_emission_intensity,digital_inclusive_finance_index
169,-0.02590944628158589,0.01777683932953243,0.1449830205073097,-0.054088977915864256,co2_emission_intensity,digital_inclusive_finance_index
170,-0.02201317460937256,0.01600688015834138,0.16905951508142392,-0.054088977915864256,co2_emission_intensity,digital_inclusive_finance_index
171,-0.004923710755162391,0.01360406562978315,0.7174048197181857,-0.054088977915864256,co2_emission_intensity,digital_inclusive_finance_index
172,0.014785887752160708,0.01529149909509149,0.33357646072525304,-0.054088977915864256,co2_emission_intensity,digital_inclusive_finance_index
173,-0.024771092582050624,0.024732918574449345,0.3165641451692296,-0.054088977915864256,co2_emission_intensity,digital_inclusive_finance_index
174,-0.021181320027427064,0.01931361263133166,0.27277072127301527,-0.054088977915864256,co2_emission_intensity,digital_inclusive_finance_index
175,-0.0004346876713632224,0.01612858936651065,0.9784985165054879,-0.054088977915864256,co2_emission_intensity,digital_inclusive_finance_index
176,-0.001901474455629223,0.017417838488829038,0.9130690649530575,-0.054088977915864256,co2_emission_intensity,digital_inclusive_finance_index
177,-0.010207931079965964,0.019268338012826108,0.5962662380284076,-0.054088977915864256,co2_emission_intensity,digital_inclusive_finance_index
178,0.03180284761332552,0.019643939519920245,0.10545482605034229,-0.054088977915864256,co2_emission_intensity,digital_inclusive_finance_index
179,-0.020666267380945062,0.017131579118979834,0.22769185985806994,-0.054088977915864256,co2_emission_intensity,digital_inclusive_finance_index
180,-0.011424151550008234,0.01114617825396946,0.3053920237775657,-0.054088977915864256,co2_emission_intensity,digital_inclusive_finance_index
181,-0.012126241718670666,0.017921622639128585,0.49864307023993304,-0.054088977915864256,co2_emission_intensity,digital_inclusive_finance_index
182,-0.03766574568109682,0.039626832379931115,0.34185259540094015,-0.054088977915864256,co2_emission_intensity,digital_inclusive_finance_index
183,0.01213901866796056,0.020482586455778128,0.5534149586341894,-0.054088977915864256,co2_emission_intensity,digital_inclusive_finance_index
184,0.013707697817345132,0.01665945799302772,0.41061163864414973,-0.054088977915864256,co2_emission_intensity,digital_inclusive_finance_index
185,0.00828984833208615,0.02516995760878201,0.7418874685940633,-0.054088977915864256,co2_emission_intensity,digital_inclusive_finance_index
186,0.020976088098324856,0.017241330756210965,0.22375014826839823,-0.054088977915864256,co2_emission_intensity,digital_inclusive_finance_index
187,0.002286676223125318,0.017171390153400596,0.8940606770994823,-0.054088977915864256,co2_emission_intensity,digital_inclusive_finance_index
188,0.015184848355721987,0.01469430372230247,0.30142454949575437,-0.054088977915864256,co2_emission_intensity,digital_inclusive_finance_index
189,-0.013758675783029218,0.01737985146636881,0.42856759058727845,-0.054088977915864256,co2_emission_intensity,digital_inclusive_finance_index
190,0.013010047145795317,0.013865398931810853,0.3480849489713598,-0.054088977915864256,co2_emission_intensity,digital_inclusive_finance_index
191,0.02298985304927742,0.01690403832641221,0.17382316734183845,-0.054088977915864256,co2_emission_intensity,digital_inclusive_finance_index
192,-0.004382978526359218,0.01342895259184983,0.7441347842900995,-0.054088977915864256,co2_emission_intensity,digital_inclusive_finance_index
193,-0.0531984008551111,0.021529175594777454,0.013473917953026075,-0.054088977915864256,co2_emission_intensity,digital_inclusive_finance_index
194,-0.055302938163726195,0.02224197810401207,0.012903494251344686,-0.054088977915864256,co2_emission_intensity,digital_inclusive_finance_index
195,-0.008465038217627088,0.029604173774865364,0.7749235392817414,-0.054088977915864256,co2_emission_intensity,digital_inclusive_finance_index
196,-0.01969962411225374,0.013860976545008638,0.15525014877374144,-0.054088977915864256,co2_emission_intensity,digital_inclusive_finance_index
197,0.0014910589056302635,0.013982195046487927,0.915074718802941,-0.054088977915864256,co2_emission_intensity,digital_inclusive_finance_index
198,0.0006278882210530481,0.016190728834669873,0.9690652115803836,-0.054088977915864256,co2_emission_intensity,digital_inclusive_finance_index
199,-0.019025079373251128,0.01348878016143674,0.15841058271670772,-0.054088977915864256,co2_emission_intensity,digital_inclusive_finance_index
200,-0.02507883228592139,0.017480294157067696,0.15137498110875067,-0.054088977915864256,co2_emission_intensity,digital_inclusive_finance_index
201,-0.014518958382282081,0.016303192660334153,0.3731656900990624,-0.054088977915864256,co2_emission_intensity,digital_inclusive_finance_index
202,0.015920289870185705,0.020600768555077854,0.43964029569055796,-0.054088977915864256,co2_emission_intensity,digital_inclusive_finance_index
203,0.003062176752349631,0.019887434072715503,0.8776290871677338,-0.054088977915864256,co2_emission_intensity,digital_inclusive_finance_index
204,0.0005617171239174898,0.016561680575584825,0.9729435967666102,-0.054088977915864256,co2_emission_intensity,digital_inclusive_finance_index
205,0.00845465406210208,0.0148614348007896,0.5694247449962764,-0.054088977915864256,co2_emission_intensity,digital_inclusive_finance_index
206,-0.005228013236948508,0.01862446674198055,0.7789353431407866,-0.054088977915864256,co2_emission_intensity,digital_inclusive_finance_index
207,-0.015385271997956522,0.01563005617702779,0.32494891866086095,-0.054088977915864256,co2_emission_intensity,digital_inclusive_finance_index
208,-0.004782562757469659,0.014524569744991344,0.7419486162640896,-0.054088977915864256,co2_emission_intensity,digital_inclusive_finance_index
209,0.004075077077581875,0.016965213790184827,0.8101737183605099,-0.054088977915864256,co2_emission_intensity,digital_inclusive_finance_index
210,-0.003991700379621859,0.018615758691794267,0.8302149641533826,-0.054088977915864256,co2_emission_intensity,digital_inclusive_finance_index
211,-0.004283224758536521,0.014364818752119713,0.7655698710411306,-0.054088977915864256,co2_emission_intensity,digital_inclusive_finance_index
212,-0.004310006025359348,0.019939575447474645,0.8288682154265934,-0.054088977915864256,co2_emission_intensity,digital_inclusive_finance_index
213,0.014075830376598226,0.022204944225688455,0.5261426692639852,-0.054088977915864256,co2_emission_intensity,digital_inclusive_finance_index
214,-0.006685457884231991,0.017170746943956757,0.6970160665744154,-0.054088977915864256,co2_emission_intensity,digital_inclusive_finance_index
215,-0.023139809818574116,0.020031319785395896,0.2480161133855734,-0.054088977915864256,co2_emission_intensity,digital_inclusive_finance_index
216,0.013929685397662414,0.025378415612539108,0.5830883279587068,-0.054088977915864256,co2_emission_intensity,digital_inclusive_finance_index
217,0.03372241930670023,0.018252951937483757,0.0646739893945283,-0.054088977915864256,co2_emission_intensity,digital_inclusive_finance_index
218,0.0020226820767932224,0.015047580893163874,0.8930711898003861,-0.054088977915864256,co2_emission_intensity,digital_inclusive_finance_index
219,0.0015928078502520612,0.017286434491938174,0.9265851638884914,-0.054088977915864256,co2_emission_intensity,digital_inclusive_finance_index
220,0.004385344180282209,0.015109804219834603,0.771638985552903,-0.054088977915864256,co2_emission_intensity,digital_inclusive_finance_index
221,-0.020246303647214203,0.019261524547691453,0.29320038098690127,-0.054088977915864256,co2_emission_intensity,digital_inclusive_finance_index
222,0.0009892215750899845,0.013934129378951,0.9434035592013147,-0.054088977915864256,co2_emission_intensity,digital_inclusive_finance_index
223,0.009972371348611722,0.01482127628090298,0.5010480646402645,-0.054088977915864256,co2_emission_intensity,digital_inclusive_finance_index
224,0.014597421933798852,0.021220239275072685,0.4915151827154597,-0.054088977915864256,co2_emission_intensity,digital_inclusive_finance_index
225,-0.006103201619312253,0.01663198468896061,0.7136520609772898,-0.054088977915864256,co2_emission_intensity,digital_inclusive_finance_index
226,0.01988567841554491,0.019724280414619072,0.3133667583174967,-0.054088977915864256,co2_emission_intensity,digital_inclusive_finance_index
227,-0.025335294760447866,0.022039076778906312,0.25032413775117623,-0.054088977915864256,co2_emission_intensity,digital_inclusive_finance_index
228,0.02681172544920833,0.016815680096650045,0.11083575605470761,-0.054088977915864256,co2_emission_intensity,digital_inclusive_finance_index
229,0.005403069362010596,0.012058305552194089,0.654096430446174,-0.054088977915864256,co2_emission_intensity,digital_inclusive_finance_index
230,-0.014323989391041295,0.024771163964580584,0.5630936067143991,-0.054088977915864256,co2_emission_intensity,digital_inclusive_finance_index
231,0.015313790557265415,0.024023783070590415,0.5238363755935012,-0.054088977915864256,co2_emission_intensity,digital_inclusive_finance_index
232,0.024020954976878024,0.011639982994370067,0.039050064924073896,-0.054088977915864256,co2_emission_intensity,digital_inclusive_finance_index
233,0.03580789029640617,0.015067464741910924,0.017477571686337793,-0.054088977915864256,co2_emission_intensity,digital_inclusive_finance_index
234,0.034728531692187,0.01642842135914598,0.03452125204984908,-0.054088977915864256,co2_emission_intensity,digital_inclusive_finance_index
235,-0.01014568565668484,0.01496799528160807,0.49788247763419136,-0.054088977915864256,co2_emission_intensity,digital_inclusive_finance_index
236,-0.008425234774276225,0.02208490771210606,0.7028375626104681,-0.054088977915864256,co2_emission_intensity,digital_inclusive_finance_index
237,0.013490019344414553,0.01852630834473786,0.46651886446645097,-0.054088977915864256,co2_emission_intensity,digital_inclusive_finance_index
238,-0.009527405061576386,0.025923844207535213,0.713234805640997,-0.054088977915864256,co2_emission_intensity,digital_inclusive_finance_index
239,0.015808140113257232,0.014019614984033712,0.2595002710483618,-0.054088977915864256,co2_emission_intensity,digital_inclusive_finance_index
240,-0.022154844391537577,0.012822362576570387,0.08401896365468103,-0.054088977915864256,co2_emission_intensity,digital_inclusive_finance_index
241,-0.0009744230531568006,0.014855087743977336,0.9477000784880675,-0.054088977915864256,co2_emission_intensity,digital_inclusive_finance_index
242,0.023610881921580836,0.02203395046385406,0.28391399672216067,-0.054088977915864256,co2_emission_intensity,digital_inclusive_finance_index
243,0.005843453373209902,0.017308219377824646,0.7356559980179427,-0.054088977915864256,co2_emission_intensity,digital_inclusive_finance_index
244,-0.005320278611504332,0.015326075775143184,0.7284868956965918,-0.054088977915864256,co2_emission_intensity,digital_inclusive_finance_index
245,-0.008984861624580832,0.018821537295606785,0.6330977511971048,-0.054088977915864256,co2_emission_intensity,digital_inclusive_finance_index
246,-0.01082178629704397,0.01689397045488961,0.521801494254022,-0.054088977915864256,co2_emission_intensity,digital_inclusive_finance_index
247,-0.0003186079157123812,0.013652523981461483,0.9813815185667818,-0.054088977915864256,co2_emission_intensity,digital_inclusive_finance_index
248,0.018538497803870874,0.021036881252781532,0.3781890506403759,-0.054088977915864256,co2_emission_intensity,digital_inclusive_finance_index
249,0.016644947862418415,0.016263452583912957,0.30609172002916774,-0.054088977915864256,co2_emission_intensity,digital_inclusive_finance_index
250,-0.010544356623078007,0.018782505044216295,0.5745300261986133,-0.054088977915864256,co2_emission_intensity,digital_inclusive_finance_index
251,0.005694777902399816,0.014571334694390951,0.6959298401933887,-0.054088977915864256,co2_emission_intensity,digital_inclusive_finance_index
252,-0.006599192991954486,0.018088816027956964,0.7152444900593147,-0.054088977915864256,co2_emission_intensity,digital_inclusive_finance_index
253,-0.008471271689460842,0.01340752860574319,0.5274983146577024,-0.054088977915864256,co2_emission_intensity,digital_inclusive_finance_index
254,0.022548180973132374,0.014292907938430981,0.11466252783827463,-0.054088977915864256,co2_emission_intensity,digital_inclusive_finance_index
255,0.001239489471319237,0.01620468477885406,0.9390296066618419,-0.054088977915864256,co2_emission_intensity,digital_inclusive_finance_index
256,0.005738809043046084,0.012994218175673955,0.6587473651938962,-0.054088977915864256,co2_emission_intensity,digital_inclusive_finance_index
257,-0.019163395249114375,0.017193450664604287,0.2650324643868345,-0.054088977915864256,co2_emission_intensity,digital_inclusive_finance_index
258,-0.0008530648877282145,0.017319445957363247,0.9607162842681619,-0.054088977915864256,co2_emission_intensity,digital_inclusive_finance_index
259,-0.0235736975758573,0.019539609167590077,0.22764134285702786,-0.054088977915864256,co2_emission_intensity,digital_inclusive_finance_index
260,0.035949962575336676,0.031455547735360384,0.2530878078131834,-0.054088977915864256,co2_emission_intensity,digital_inclusive_finance_index
261,-0.0036089006049626515,0.013128013478633207,0.7833924994857718,-0.054088977915864256,co2_emission_intensity,digital_inclusive_finance_index
262,0.007374101471802982,0.01517088342755187,0.6269179959292388,-0.054088977915864256,co2_emission_intensity,digital_inclusive_finance_index
263,0.021230763546214986,0.02169527874603276,0.32778304159228466,-0.054088977915864256,co2_emission_intensity,digital_inclusive_finance_index
264,0.037621211000953114,0.020237338932089125,0.06302715290863828,-0.054088977915864256,co2_emission_intensity,digital_inclusive_finance_index
265,0.003916327233790795,0.0160086054526698,0.8067360603145519,-0.054088977915864256,co2_emission_intensity,digital_inclusive_finance_index
266,-0.0026377749692674517,0.018515720739088592,0.8867155892570747,-0.054088977915864256,co2_emission_intensity,digital_inclusive_finance_index
267,0.011747707378203576,0.01966998131102322,0.5503468941570304,-0.054088977915864256,co2_emission_intensity,digital_inclusive_finance_index
268,-0.03132323409155228,0.02174434023230213,0.14971933336746943,-0.054088977915864256,co2_emission_intensity,digital_inclusive_finance_index
269,1.9549778873034426e-05,0.014151223721510849,0.9988977305372861,-0.054088977915864256,co2_emission_intensity,digital_inclusive_finance_index
270,0.0030116247469130263,0.0159181227343834,0.8499402070809458,-0.054088977915864256,co2_emission_intensity,digital_inclusive_finance_index
271,0.007956106184116313,0.017565607769409648,0.6505944146246423,-0.054088977915864256,co2_emission_intensity,digital_inclusive_finance_index
272,0.02131484565225359,0.0224578082198364,0.34256658707417975,-0.054088977915864256,co2_emission_intensity,digital_inclusive_finance_index
273,-0.007981824227665546,0.014953952427436707,0.5935074721086568,-0.054088977915864256,co2_emission_intensity,digital_inclusive_finance_index
274,0.028467448044727617,0.015351153279759439,0.06367944600481963,-0.054088977915864256,co2_emission_intensity,digital_inclusive_finance_index
275,0.01608670769333502,0.015166616356013995,0.28884191487410127,-0.054088977915864256,co2_emission_intensity,digital_inclusive_finance_index
276,0.02019541386634079,0.01499635585603644,0.1780807087926063,-0.054088977915864256,co2_emission_intensity,digital_inclusive_finance_index
277,0.01482171093036373,0.012846581445087796,0.24860371313685858,-0.054088977915864256,co2_emission_intensity,digital_inclusive_finance_index
278,-0.0020385439918860103,0.012533542733233663,0.8707963245668756,-0.054088977915864256,co2_emission_intensity,digital_inclusive_finance_index
279,-0.014182269309580404,0.020766933758845023,0.49465389877177146,-0.054088977915864256,co2_emission_intensity,digital_inclusive_finance_index
280,-0.02448120290085625,0.014171048618935443,0.08406883410633503,-0.054088977915864256,co2_emission_intensity,digital_inclusive_finance_index
281,-0.020160130540668744,0.020375937048935425,0.3224631919497145,-0.054088977915864256,co2_emission_intensity,digital_inclusive_finance_index
282,-0.012182260086910571,0.022101832927518446,0.5815049604041549,-0.054088977915864256,co2_emission_intensity,digital_inclusive_finance_index
283,-0.024436392017807614,0.01873551203628563,0.19213743369915726,-0.054088977915864256,co2_emission_intensity,digital_inclusive_finance_index
284,-0.013597009742240491,0.014391253314454828,0.3447555415237501,-0.054088977915864256,co2_emission_intensity,digital_inclusive_finance_index
285,-0.0075809251278012415,0.015406644922839535,0.6226800747187677,-0.054088977915864256,co2_emission_intensity,digital_inclusive_finance_index
286,0.0059243063538027795,0.016950355958503735,0.7267070207796552,-0.054088977915864256,co2_emission_intensity,digital_inclusive_finance_index
287,0.01913347630135712,0.015679004623717362,0.22234181749738546,-0.054088977915864256,co2_emission_intensity,digital_inclusive_finance_index
288,0.006460460510281039,0.014986337710712542,0.6664029224333827,-0.054088977915864256,co2_emission_intensity,digital_inclusive_finance_index
289,0.008844452529781893,0.012550372425132905,0.48098678014212126,-0.054088977915864256,co2_emission_intensity,digital_inclusive_finance_index
290,-0.028345731139583226,0.01844276514813769,0.12430391741454143,-0.054088977915864256,co2_emission_intensity,digital_inclusive_finance_index
291,0.016222191404418846,0.015243479912951316,0.28723572766504935,-0.054088977915864256,co2_emission_intensity,digital_inclusive_finance_index
292,-0.02109421938132488,0.014001982328721957,0.13193459856419054,-0.054088977915864256,co2_emission_intensity,digital_inclusive_finance_index
293,0.016417070040077905,0.02513564835035005,0.5136667276925604,-0.054088977915864256,co2_emission_intensity,digital_inclusive_finance_index
294,-0.01230929736038154,0.01648234160830814,0.45517386955225636,-0.054088977915864256,co2_emission_intensity,digital_inclusive_finance_index
295,0.011668156286869435,0.013479063789454612,0.38668193523581407,-0.054088977915864256,co2_emission_intensity,digital_inclusive_finance_index
296,-0.015080246847949908,0.013948407000458513,0.2796327349219496,-0.054088977915864256,co2_emission_intensity,digital_inclusive_finance_index
297,0.011334969695306982,0.014735397159577581,0.4417543616328635,-0.054088977915864256,co2_emission_intensity,digital_inclusive_finance_index
298,0.029373983122009707,0.019847234051059554,0.13887221498771632,-0.054088977915864256,co2_emission_intensity,digital_inclusive_finance_index
299,-0.0013821514690942572,0.015246354461957608,0.9277670822542149,-0.054088977915864256,co2_emission_intensity,digital_inclusive_finance_index
300,0.01915712616202097,0.015655161580951434,0.22106771126264058,-0.054088977915864256,co2_emission_intensity,digital_inclusive_finance_index
301,0.00668881570201226,0.015492053216634225,0.6659174117873283,-0.054088977915864256,co2_emission_intensity,digital_inclusive_finance_index
302,-0.014909010943361846,0.014345726985624339,0.29868154058444385,-0.054088977915864256,co2_emission_intensity,digital_inclusive_finance_index
303,0.011956240684348252,0.015465153487450273,0.4394582066716035,-0.054088977915864256,co2_emission_intensity,digital_inclusive_finance_index
304,-0.008908375878854414,0.016673308058550843,0.5931411538535578,-0.054088977915864256,co2_emission_intensity,digital_inclusive_finance_index
305,0.002495537153666228,0.018151140148122226,0.8906462444029644,-0.054088977915864256,co2_emission_intensity,digital_inclusive_finance_index
306,-0.01158664168572363,0.015339632441881083,0.4500448586073694,-0.054088977915864256,co2_emission_intensity,digital_inclusive_finance_index
307,-0.011725256940508463,0.021366158125768628,0.5831584710796469,-0.054088977915864256,co2_emission_intensity,digital_inclusive_finance_index
308,0.03203631619276764,0.027804395597970797,0.24923754446529245,-0.054088977915864256,co2_emission_intensity,digital_inclusive_finance_index
309,-0.02204465703957938,0.015572874049143275,0.15689836004262223,-0.054088977915864256,co2_emission_intensity,digital_inclusive_finance_index
310,-0.021574573012990036,0.01506338748714713,0.15207159778891727,-0.054088977915864256,co2_emission_intensity,digital_inclusive_finance_index
311,0.010075366463626766,0.01990335550189461,0.6127061012902412,-0.054088977915864256,co2_emission_intensity,digital_inclusive_finance_index
312,-0.009581513051236078,0.019045993258744138,0.6149133886735343,-0.054088977915864256,co2_emission_intensity,digital_inclusive_finance_index
313,0.010718671422056543,0.012781021666077998,0.40167155867616555,-0.054088977915864256,co2_emission_intensity,digital_inclusive_finance_index
314,0.015522005381553568,0.016443165055217236,0.34518029028753394,-0.054088977915864256,co2_emission_intensity,digital_inclusive_finance_index
315,0.01441438956502078,0.013645506303409343,0.29080971323404947,-0.054088977915864256,co2_emission_intensity,digital_inclusive_finance_index
316,0.009448538130356721,0.016805032937455028,0.5739494141956545,-0.054088977915864256,co2_emission_intensity,digital_inclusive_finance_index
317,0.007820370195118389,0.015543936134020001,0.6148842006307369,-0.054088977915864256,co2_emission_intensity,digital_inclusive_finance_index
318,0.007604704802608429,0.015709364896853317,0.6283238794604649,-0.054088977915864256,co2_emission_intensity,digital_inclusive_finance_index
319,0.034223161191423934,0.021754349499476217,0.11568083052012228,-0.054088977915864256,co2_emission_intensity,digital_inclusive_finance_index
320,0.019040523928192117,0.013667976221706624,0.16359693617954052,-0.054088977915864256,co2_emission_intensity,digital_inclusive_finance_index
321,0.003918960447449866,0.015508813679031272,0.8005058665557583,-0.054088977915864256,co2_emission_intensity,digital_inclusive_finance_index
322,0.0098619494135191,0.014948612006555591,0.5094313355803105,-0.054088977915864256,co2_emission_intensity,digital_inclusive_finance_index
323,0.022017495172321357,0.014179951785212207,0.1204900347609879,-0.054088977915864256,co2_emission_intensity,digital_inclusive_finance_index
324,-0.013467131345271314,0.017296301783535722,0.4362075169969174,-0.054088977915864256,co2_emission_intensity,digital_inclusive_finance_index
325,-0.004663631543187453,0.01460467206448858,0.7494803554618843,-0.054088977915864256,co2_emission_intensity,digital_inclusive_finance_index
326,-0.00699513714275639,0.01722362692288507,0.684642581815552,-0.054088977915864256,co2_emission_intensity,digital_inclusive_finance_index
327,0.04778388530858004,0.017569976173979814,0.006535442591952257,-0.054088977915864256,co2_emission_intensity,digital_inclusive_finance_index
328,0.012921427422018126,0.018925397819434232,0.49476108698627597,-0.054088977915864256,co2_emission_intensity,digital_inclusive_finance_index
329,0.005188797942141211,0.014835162770505561,0.7265162195571495,-0.054088977915864256,co2_emission_intensity,digital_inclusive_finance_index
330,0.003338326307727484,0.018081542476572707,0.853522241952712,-0.054088977915864256,co2_emission_intensity,digital_inclusive_finance_index
331,-0.03928481119044888,0.01818915004561671,0.03078864564657463,-0.054088977915864256,co2_emission_intensity,digital_inclusive_finance_index
332,0.023056124572101728,0.014927520131366728,0.12245801262855356,-0.054088977915864256,co2_emission_intensity,digital_inclusive_finance_index
333,0.0036299887487986834,0.015390760882211132,0.81354514558264,-0.054088977915864256,co2_emission_intensity,digital_inclusive_finance_index
334,-0.011167746406291531,0.015045333307889479,0.4579218780255736,-0.054088977915864256,co2_emission_intensity,digital_inclusive_finance_index
335,0.01359876110904025,0.014551728477373752,0.3500399826056857,-0.054088977915864256,co2_emission_intensity,digital_inclusive_finance_index
336,-0.033957911510339944,0.01813401216430012,0.0611224195268684,-0.054088977915864256,co2_emission_intensity,digital_inclusive_finance_index
337,0.02772424696038896,0.017289666063815122,0.10882089703056513,-0.054088977915864256,co2_emission_intensity,digital_inclusive_finance_index
338,0.003269912596240417,0.017313149360241763,0.8501956993907775,-0.054088977915864256,co2_emission_intensity,digital_inclusive_finance_index
339,0.025478266101360024,0.01718780355249984,0.13824834330183602,-0.054088977915864256,co2_emission_intensity,digital_inclusive_finance_index
340,0.01040285689591473,0.015479775339334837,0.5015652775388968,-0.054088977915864256,co2_emission_intensity,digital_inclusive_finance_index
341,0.05161357713181637,0.02609913536577371,0.04797416492619543,-0.054088977915864256,co2_emission_intensity,digital_inclusive_finance_index
342,-0.01944704838993458,0.015996102877108623,0.22408526123968686,-0.054088977915864256,co2_emission_intensity,digital_inclusive_finance_index
343,0.010229652063027516,0.012475900420794432,0.41224289720797824,-0.054088977915864256,co2_emission_intensity,digital_inclusive_finance_index
344,-0.0014194028159058248,0.015314018877523759,0.9261526220085228,-0.054088977915864256,co2_emission_intensity,digital_inclusive_finance_index
345,-0.009225427457372086,0.015356090575000179,0.5479954039039558,-0.054088977915864256,co2_emission_intensity,digital_inclusive_finance_index
346,-0.003496478042694851,0.013810777699784324,0.8001366548519838,-0.054088977915864256,co2_emission_intensity,digital_inclusive_finance_index
347,-0.01063401208146927,0.0186895519717824,0.5693685943114447,-0.054088977915864256,co2_emission_intensity,digital_inclusive_finance_index
348,-0.022707315387821225,0.018361712791901352,0.2162109145288783,-0.054088977915864256,co2_emission_intensity,digital_inclusive_finance_index
349,-0.027688756297569207,0.015766911637140734,0.07906610797816584,-0.054088977915864256,co2_emission_intensity,digital_inclusive_finance_index
350,0.0008696319930207863,0.015174874602251141,0.954300358018244,-0.054088977915864256,co2_emission_intensity,digital_inclusive_finance_index
351,0.02853129889114138,0.017955670850863657,0.1120636881669001,-0.054088977915864256,co2_emission_intensity,digital_inclusive_finance_index
352,-0.0037681397711916914,0.015558788387006911,0.8086350940459317,-0.054088977915864256,co2_emission_intensity,digital_inclusive_finance_index
353,-0.04285820644351716,0.022277011763300783,0.05437013854875321,-0.054088977915864256,co2_emission_intensity,digital_inclusive_finance_index
354,0.012327995589845181,0.023012977344885166,0.5921675969071913,-0.054088977915864256,co2_emission_intensity,digital_inclusive_finance_index
355,-0.02558806786739093,0.016963584411775437,0.13144921049801006,-0.054088977915864256,co2_emission_intensity,digital_inclusive_finance_index
356,-0.0002529388254910933,0.014246620056854802,0.985834859019094,-0.054088977915864256,co2_emission_intensity,digital_inclusive_finance_index
357,-0.016910530109524653,0.019760689860035038,0.39212712466864397,-0.054088977915864256,co2_emission_intensity,digital_inclusive_finance_index
358,-0.0019249779425489413,0.018227713914285744,0.9158940069798538,-0.054088977915864256,co2_emission_intensity,digital_inclusive_finance_index
359,-0.008449689268896866,0.019587927440390698,0.6661976892332406,-0.054088977915864256,co2_emission_intensity,digital_inclusive_finance_index
360,0.022959898300809654,0.016511414497683067,0.16436283015024056,-0.054088977915864256,co2_emission_intensity,digital_inclusive_finance_index
361,0.015606888493156291,0.019231820267281294,0.4170706429252319,-0.054088977915864256,co2_emission_intensity,digital_inclusive_finance_index
362,0.03394286201751569,0.016620028098660623,0.041123102529527264,-0.054088977915864256,co2_emission_intensity,digital_inclusive_finance_index
363,-0.009360231841788953,0.015259233459748405,0.5396024403764281,-0.054088977915864256,co2_emission_intensity,digital_inclusive_finance_index
364,-0.002218590254477378,0.012942603220564475,0.8638954002341745,-0.054088977915864256,co2_emission_intensity,digital_inclusive_finance_index
365,-0.006227543140551393,0.01433959127656623,0.6640777610823534,-0.054088977915864256,co2_emission_intensity,digital_inclusive_finance_index
366,-0.03398782758500343,0.027052400958437407,0.20898181852232,-0.054088977915864256,co2_emission_intensity,digital_inclusive_finance_index
367,0.03275176906998999,0.01902545730580243,0.08516542774901167,-0.054088977915864256,co2_emission_intensity,digital_inclusive_finance_index
368,-0.0023111835929938377,0.015702023848358993,0.882981917615227,-0.054088977915864256,co2_emission_intensity,digital_inclusive_finance_index
369,0.009837509006225254,0.017953160025977802,0.5837233679694065,-0.054088977915864256,co2_emission_intensity,digital_inclusive_finance_index
370,-0.0030940529638181415,0.016561657644598028,0.851801571969951,-0.054088977915864256,co2_emission_intensity,digital_inclusive_finance_index
371,-0.022250130688323592,0.020468673634810648,0.27702207513478305,-0.054088977915864256,co2_emission_intensity,digital_inclusive_finance_index
372,0.04399252280429311,0.025088869665962844,0.0795217576538354,-0.054088977915864256,co2_emission_intensity,digital_inclusive_finance_index
373,0.02501711002982702,0.01524499489888959,0.10079641574794444,-0.054088977915864256,co2_emission_intensity,digital_inclusive_finance_index
374,0.032984042137688824,0.020671509050898696,0.11057183453106255,-0.054088977915864256,co2_emission_intensity,digital_inclusive_finance_index
375,0.0008003687051322166,0.019143800004804576,0.9666515611900796,-0.054088977915864256,co2_emission_intensity,digital_inclusive_finance_index
376,0.003946296398239656,0.016932363842923914,0.8157129952885798,-0.054088977915864256,co2_emission_intensity,digital_inclusive_finance_index
377,0.0021619403252036385,0.014903089385275792,0.8846582982421819,-0.054088977915864256,co2_emission_intensity,digital_inclusive_finance_index
378,-0.0025255056910202037,0.016324411406724155,0.8770520709448691,-0.054088977915864256,co2_emission_intensity,digital_inclusive_finance_index
379,0.016708456214049996,0.011869892002580922,0.15923965760773895,-0.054088977915864256,co2_emission_intensity,digital_inclusive_finance_index
380,-0.01696126522180805,0.023667185618791296,0.47358547807460316,-0.054088977915864256,co2_emission_intensity,digital_inclusive_finance_index
381,-0.02841547460561572,0.016837466485436613,0.0914815803248534,-0.054088977915864256,co2_emission_intensity,digital_inclusive_finance_index
382,0.01666889484108223,0.01529717748197439,0.27585797530233835,-0.054088977915864256,co2_emission_intensity,digital_inclusive_finance_index
383,-0.012722413180720534,0.012872679639764044,0.32299266588608655,-0.054088977915864256,co2_emission_intensity,digital_inclusive_finance_index
384,-0.016548596292286034,0.016100677258223565,0.30403455936346857,-0.054088977915864256,co2_emission_intensity,digital_inclusive_finance_index
385,0.006032276720761629,0.0201064960524682,0.7641647159932858,-0.054088977915864256,co2_emission_intensity,digital_inclusive_finance_index
386,0.002744018649773848,0.02265414556322455,0.9035907947383716,-0.054088977915864256,co2_emission_intensity,digital_inclusive_finance_index
387,-0.016500819611115457,0.017725077181441496,0.3518893806034734,-0.054088977915864256,co2_emission_intensity,digital_inclusive_finance_index
388,0.014260645296211806,0.02057903413814083,0.4883286221805191,-0.054088977915864256,co2_emission_intensity,digital_inclusive_finance_index
389,-0.022970006728038003,0.020808793453922163,0.2696536227993669,-0.054088977915864256,co2_emission_intensity,digital_inclusive_finance_index
390,-0.004305267713212969,0.01363019558676428,0.7521068731403693,-0.054088977915864256,co2_emission_intensity,digital_inclusive_finance_index
391,0.017310696291231303,0.0160385114623992,0.2804448195103165,-0.054088977915864256,co2_emission_intensity,digital_inclusive_finance_index
392,-0.018630086702910612,0.016832107134945932,0.26837243035195557,-0.054088977915864256,co2_emission_intensity,digital_inclusive_finance_index
393,0.009101509157811369,0.015604142185510041,0.5597080545538662,-0.054088977915864256,co2_emission_intensity,digital_inclusive_finance_index
394,-0.03449487338366049,0.029269787342640286,0.23859149268810975,-0.054088977915864256,co2_emission_intensity,digital_inclusive_finance_index
395,-0.021354901047738385,0.02023412496088995,0.29124681589118495,-0.054088977915864256,co2_emission_intensity,digital_inclusive_finance_index
396,0.027328405292646275,0.016943063639090056,0.10675420671706622,-0.054088977915864256,co2_emission_intensity,digital_inclusive_finance_index
397,-0.018113945075180354,0.021704772804439297,0.40396523519498273,-0.054088977915864256,co2_emission_intensity,digital_inclusive_finance_index
398,-0.012203166751159676,0.017152061974301153,0.47679342420932014,-0.054088977915864256,co2_emission_intensity,digital_inclusive_finance_index
399,0.01910043224986566,0.025113374576325856,0.4469150635711421,-0.054088977915864256,co2_emission_intensity,digital_inclusive_finance_index
400,-0.008385613547811414,0.017390960739792013,0.6296764453943213,-0.054088977915864256,co2_emission_intensity,digital_inclusive_finance_index
401,0.0064469017533910645,0.018542504142629455,0.728078739623852,-0.054088977915864256,co2_emission_intensity,digital_inclusive_finance_index
402,0.014606546807030276,0.021281294671940412,0.49248856883800185,-0.054088977915864256,co2_emission_intensity,digital_inclusive_finance_index
403,0.009834699028112086,0.013719009153382852,0.4734564313932066,-0.054088977915864256,co2_emission_intensity,digital_inclusive_finance_index
404,0.0027443771788387052,0.01337293881655389,0.837401256385604,-0.054088977915864256,co2_emission_intensity,digital_inclusive_finance_index
405,-0.024530883387571527,0.013692034974355437,0.0731943291459095,-0.054088977915864256,co2_emission_intensity,digital_inclusive_finance_index
406,0.0011792962283235491,0.014960745901135337,0.9371709982887643,-0.054088977915864256,co2_emission_intensity,digital_inclusive_finance_index
407,-0.009497384920990606,0.014680073124192875,0.5176593832711234,-0.054088977915864256,co2_emission_intensity,digital_inclusive_finance_index
408,0.008255219132118774,0.016916420575981417,0.6255495944043323,-0.054088977915864256,co2_emission_intensity,digital_inclusive_finance_index
409,-0.000821384125184673,0.017409111292802922,0.9623687486406136,-0.054088977915864256,co2_emission_intensity,digital_inclusive_finance_index
410,-0.016634081292484053,0.017723697072270096,0.3479761680686332,-0.054088977915864256,co2_emission_intensity,digital_inclusive_finance_index
411,0.004326379375378267,0.016748876842364032,0.7961687290157001,-0.054088977915864256,co2_emission_intensity,digital_inclusive_finance_index
412,3.3107502457339726e-05,0.018529607474620985,0.9985743923049376,-0.054088977915864256,co2_emission_intensity,digital_inclusive_finance_index
413,0.007801760644330694,0.015628372861213866,0.6176350279668612,-0.054088977915864256,co2_emission_intensity,digital_inclusive_finance_index
414,0.041607264480989926,0.01650984791208364,0.011730541350826068,-0.054088977915864256,co2_emission_intensity,digital_inclusive_finance_index
415,0.0074731823847134955,0.017134664100357914,0.6627321939236458,-0.054088977915864256,co2_emission_intensity,digital_inclusive_finance_index
416,0.026211864272696523,0.016620058309954867,0.11476739133387528,-0.054088977915864256,co2_emission_intensity,digital_inclusive_finance_index
417,0.02506585670553068,0.019582521930243752,0.20054102974267518,-0.054088977915864256,co2_emission_intensity,digital_inclusive_finance_index
418,0.01989898434345906,0.02278959209161598,0.3825752972747545,-0.054088977915864256,co2_emission_intensity,digital_inclusive_finance_index
419,0.00890347248720331,0.019592706613730047,0.6495208763475362,-0.054088977915864256,co2_emission_intensity,digital_inclusive_finance_index
420,0.005796653762807575,0.01604441519767367,0.7178842060169874,-0.054088977915864256,co2_emission_intensity,digital_inclusive_finance_index
421,-0.017662959706430403,0.023814172583869083,0.4582694277094016,-0.054088977915864256,co2_emission_intensity,digital_inclusive_finance_index
422,-0.03558987913220869,0.019187022345990137,0.0636114654211334,-0.054088977915864256,co2_emission_intensity,digital_inclusive_finance_index
423,-0.020314736106863258,0.01827452933039482,0.2662920648882877,-0.054088977915864256,co2_emission_intensity,digital_inclusive_finance_index
424,-0.007542799514279884,0.015245437787248357,0.6207710841569878,-0.054088977915864256,co2_emission_intensity,digital_inclusive_finance_index
425,0.0033144290841361293,0.01969626345386878,0.8663653288756641,-0.054088977915864256,co2_emission_intensity,digital_inclusive_finance_index
426,-0.020059694898411466,0.014827470459411674,0.17609598108334834,-0.054088977915864256,co2_emission_intensity,digital_inclusive_finance_index
427,0.013233002194880831,0.018894830285523474,0.4837084955842539,-0.054088977915864256,co2_emission_intensity,digital_inclusive_finance_index
428,-0.008238386698625364,0.014434313732203146,0.5681690200633627,-0.054088977915864256,co2_emission_intensity,digital_inclusive_finance_index
429,-0.008886153931605805,0.015112445933874041,0.5565307062176856,-0.054088977915864256,co2_emission_intensity,digital_inclusive_finance_index
430,0.0100938616740727,0.013001690970111968,0.43754240871883354,-0.054088977915864256,co2_emission_intensity,digital_inclusive_finance_index
431,-0.013526762081380693,0.030004549528174825,0.6521166174751692,-0.054088977915864256,co2_emission_intensity,digital_inclusive_finance_index
432,-0.007653410115385279,0.01471054152081394,0.6028774546411391,-0.054088977915864256,co2_emission_intensity,digital_inclusive_finance_index
433,0.02094586233952567,0.022061697169863913,0.34240598659323185,-0.054088977915864256,co2_emission_intensity,digital_inclusive_finance_index
434,-0.03749608506281815,0.020366655900670893,0.06561384898349033,-0.054088977915864256,co2_emission_intensity,digital_inclusive_finance_index
435,-0.0076579806208659645,0.016649557334682985,0.6455513889026447,-0.054088977915864256,co2_emission_intensity,digital_inclusive_finance_index
436,0.002194846562772433,0.0160013164382238,0.8908990913359679,-0.054088977915864256,co2_emission_intensity,digital_inclusive_finance_index
437,-0.0013522575881523484,0.018616174363557187,0.9420935066444741,-0.054088977915864256,co2_emission_intensity,digital_inclusive_finance_index
438,0.01182534151809891,0.019447652465586752,0.5431476135832082,-0.054088977915864256,co2_emission_intensity,digital_inclusive_finance_index
439,-0.010553213278229317,0.015991127093668275,0.5092911753959889,-0.054088977915864256,co2_emission_intensity,digital_inclusive_finance_index
440,0.0031658473749977475,0.017229484348343028,0.8542127867559536,-0.054088977915864256,co2_emission_intensity,digital_inclusive_finance_index
441,-0.009841357164642812,0.01834879893925625,0.591717476894827,-0.054088977915864256,co2_emission_intensity,digital_inclusive_finance_index
442,0.028163141851567184,0.022486403563288952,0.21040519647179545,-0.054088977915864256,co2_emission_intensity,digital_inclusive_finance_index
443,-0.04322582563856549,0.02694452943471565,0.1086584317384742,-0.054088977915864256,co2_emission_intensity,digital_inclusive_finance_index
444,-0.01041589386045526,0.01894273390991029,0.5824138737004672,-0.054088977915864256,co2_emission_intensity,digital_inclusive_finance_index
445,-0.01840357018050142,0.016776266340788954,0.27264123563584486,-0.054088977915864256,co2_emission_intensity,digital_inclusive_finance_index
446,0.0160312171219191,0.01565694681259323,0.30588042001306137,-0.054088977915864256,co2_emission_intensity,digital_inclusive_finance_index
447,-0.001441789909168015,0.02388821706183255,0.9518723456893146,-0.054088977915864256,co2_emission_intensity,digital_inclusive_finance_index
448,0.0019272859153190308,0.016667187866142446,0.9079429810499436,-0.054088977915864256,co2_emission_intensity,digital_inclusive_finance_index
449,-0.039214201419871406,0.01646266074514916,0.017218489803228352,-0.054088977915864256,co2_emission_intensity,digital_inclusive_finance_index
450,0.02003222952327209,0.01791295727441477,0.2634348492812304,-0.054088977915864256,co2_emission_intensity,digital_inclusive_finance_index
451,0.02431076957408341,0.017326529677300247,0.16058847038964208,-0.054088977915864256,co2_emission_intensity,digital_inclusive_finance_index
452,-0.013759333353185868,0.021659104663843496,0.5252537229898362,-0.054088977915864256,co2_emission_intensity,digital_inclusive_finance_index
453,-0.013276375611947545,0.016739487369380857,0.4277095335475596,-0.054088977915864256,co2_emission_intensity,digital_inclusive_finance_index
454,-0.010479105026010287,0.021943499994775805,0.6329709600541413,-0.054088977915864256,co2_emission_intensity,digital_inclusive_finance_index
455,-0.0013829361856855966,0.01855651014132695,0.9405921233464098,-0.054088977915864256,co2_emission_intensity,digital_inclusive_finance_index
456,0.014170440662754344,0.014656057887760464,0.3336111414505204,-0.054088977915864256,co2_emission_intensity,digital_inclusive_finance_index
457,-0.0178625374390379,0.01570132657158183,0.2552687009757204,-0.054088977915864256,co2_emission_intensity,digital_inclusive_finance_index
458,-0.010954832455817876,0.016015627292440562,0.49396951234883213,-0.054088977915864256,co2_emission_intensity,digital_inclusive_finance_index
459,0.014214718848051679,0.02148939222332133,0.5083070520857901,-0.054088977915864256,co2_emission_intensity,digital_inclusive_finance_index
460,0.011829621012646367,0.013714227742108617,0.3883683324030097,-0.054088977915864256,co2_emission_intensity,digital_inclusive_finance_index
461,0.009021627150376601,0.02088847650282331,0.665817777963319,-0.054088977915864256,co2_emission_intensity,digital_inclusive_finance_index
462,0.006316367591061392,0.015992364469121077,0.6928713322411899,-0.054088977915864256,co2_emission_intensity,digital_inclusive_finance_index
463,0.03794826789333401,0.025819152022876202,0.14162350251939013,-0.054088977915864256,co2_emission_intensity,digital_inclusive_finance_index
464,0.005609389638447732,0.017496715157979938,0.7485160171624503,-0.054088977915864256,co2_emission_intensity,digital_inclusive_finance_index
465,-0.014024932675522659,0.020954405645297193,0.5032995925141316,-0.054088977915864256,co2_emission_intensity,digital_inclusive_finance_index
466,-0.004783023468316862,0.01852658708445755,0.7962751066123858,-0.054088977915864256,co2_emission_intensity,digital_inclusive_finance_index
467,-0.001361501871922707,0.02007883969651174,0.9459386375055668,-0.054088977915864256,co2_emission_intensity,digital_inclusive_finance_index
468,-0.02225732865106099,0.02089297085977645,0.2867391795910291,-0.054088977915864256,co2_emission_intensity,digital_inclusive_finance_index
469,0.01445552657296819,0.015810626696019663,0.36056353046188006,-0.054088977915864256,co2_emission_intensity,digital_inclusive_finance_index
470,-0.007459871847671641,0.014153195243297877,0.5981377551939993,-0.054088977915864256,co2_emission_intensity,digital_inclusive_finance_index
471,-0.027262450040581823,0.015212050704546651,0.07310711631886482,-0.054088977915864256,co2_emission_intensity,digital_inclusive_finance_index
472,0.03788571406845324,0.013936658607894864,0.0065594194704629676,-0.054088977915864256,co2_emission_intensity,digital_inclusive_finance_index
473,0.009296820570096688,0.025016117203154907,0.7101659404459129,-0.054088977915864256,co2_emission_intensity,digital_inclusive_finance_index
474,-0.01438791386635154,0.015953018239727657,0.3671137639172435,-0.054088977915864256,co2_emission_intensity,digital_inclusive_finance_index
475,-0.010520330645808046,0.015557309411225375,0.4988941669825214,-0.054088977915864256,co2_emission_intensity,digital_inclusive_finance_index
476,0.0155659690701936,0.015951656986896517,0.32915295257350297,-0.054088977915864256,co2_emission_intensity,digital_inclusive_finance_index
477,-0.014680077819214602,0.01545589654067352,0.3422116734634947,-0.054088977915864256,co2_emission_intensity,digital_inclusive_finance_index
478,-0.027423288890381613,0.017972434047154432,0.12704652669167418,-0.054088977915864256,co2_emission_intensity,digital_inclusive_finance_index
479,0.018802677769610573,0.018992378379802402,0.3221683755431364,-0.054088977915864256,co2_emission_intensity,digital_inclusive_finance_index
480,-0.007681557465349344,0.01839698056258274,0.6762802054404797,-0.054088977915864256,co2_emission_intensity,digital_inclusive_finance_index
481,-0.013213967977104134,0.014049372498166941,0.34694169411537046,-0.054088977915864256,co2_emission_intensity,digital_inclusive_finance_index
482,-0.012487137630216142,0.013448562108480604,0.3531425730584068,-0.054088977915864256,co2_emission_intensity,digital_inclusive_finance_index
483,-0.018771516435054217,0.013425290894483195,0.1620468740200438,-0.054088977915864256,co2_emission_intensity,digital_inclusive_finance_index
484,-0.020689929939302,0.015749046716201906,0.18893847525392882,-0.054088977915864256,co2_emission_intensity,digital_inclusive_finance_index
485,0.001000948672942534,0.019744536266546778,0.9595685848862828,-0.054088977915864256,co2_emission_intensity,digital_inclusive_finance_index
486,-0.004043750524697341,0.012911848421498569,0.7541428629444401,-0.054088977915864256,co2_emission_intensity,digital_inclusive_finance_index
487,0.020189946037053104,0.013670949210684846,0.13971575818875895,-0.054088977915864256,co2_emission_intensity,digital_inclusive_finance_index
488,0.005317332501932552,0.020344575960851173,0.793812091003478,-0.054088977915864256,co2_emission_intensity,digital_inclusive_finance_index
489,-0.02666623282216251,0.017331443925918854,0.12390094686083676,-0.054088977915864256,co2_emission_intensity,digital_inclusive_finance_index
490,0.018921155448937958,0.01872219219337386,0.31219492365802615,-0.054088977915864256,co2_emission_intensity,digital_inclusive_finance_index
491,0.002816977045841126,0.01667762618071714,0.8658693572880214,-0.054088977915864256,co2_emission_intensity,digital_inclusive_finance_index
492,0.014728372650960548,0.01914819305326591,0.4417875305035722,-0.054088977915864256,co2_emission_intensity,digital_inclusive_finance_index
493,0.008675814312219497,0.018070793826651048,0.6311552574988657,-0.054088977915864256,co2_emission_intensity,digital_inclusive_finance_index
494,0.024917178523001706,0.015167522639132673,0.1004246977715982,-0.054088977915864256,co2_emission_intensity,digital_inclusive_finance_index
495,-0.014106872349539145,0.023914950728414534,0.5552733123541969,-0.054088977915864256,co2_emission_intensity,digital_inclusive_finance_index
496,-0.03209346518340342,0.025514721592932537,0.2084492325954055,-0.054088977915864256,co2_emission_intensity,digital_inclusive_finance_index
497,0.0008009179956682492,0.015325133334650281,0.9583201458726416,-0.054088977915864256,co2_emission_intensity,digital_inclusive_finance_index
498,0.014849337909611088,0.01491810399239987,0.31954641250058535,-0.054088977915864256,co2_emission_intensity,digital_inclusive_finance_index
499,-0.00971539150893877,0.017230577938254686,0.5728589800274078,-0.054088977915864256,co2_emission_intensity,digital_inclusive_finance_index
500,-0.034280802709290695,0.02746988305426905,0.21205253942095714,-0.054088977915864256,co2_emission_intensity,digital_inclusive_finance_index
