序号,证据环节,来源,核心数值,方向,论文用途,对主命题支持,边界说明
1,DML主结果,Table 2 / Figure 2,"ATE=-0.0540, 95%CI=[-0.0951, -0.0130], p=0.0099",负向显著,正文主结果,支持,当前2019—2023样本与方案B控制集。
2,替换结果变量,Table 2 / Figure 2,"总量ATE=-129.93, 95%CI=[-224.18, -35.67], p=0.0069",负向显著,正文稳健性,支持,碳排放总量与强度量纲不同。
3,OLS TWFE强度口径,Table 6,"系数=-0.0668, 95%CI=[-0.1068, -0.0267], p=0.0011",负向显著,正文稳健性,支持,传统线性基准参照，不替代DML。
4,OLS TWFE总量口径,Table 6,"系数=48.3482, 95%CI=[-6.8023, 103.4988], p=0.0858",未复制负向显著,正文稳健性边界,混合,提示总量口径对线性TWFE较敏感。
5,DML安慰剂检验,Table 7 / Figure 5,"真实ATE=-0.0541, placebo 95%区间=[-0.0351, 0.0359], 经验p=0.0040",真实值位于尾部,正文稳健性,支持,残差置换候选检验，置换次数=500。
6,DML学习器替换,Table 8,"ATE范围=[-0.0541, -0.0383], 显著学习器=3/3",均为负向,正文稳健性,支持但强度敏感,替换学习器后效应绝对值收缩，显著性接近5%。
7,人口变量敏感性,Table 11,"加入人口ATE=-0.0180, 95%CI=[-0.0613, 0.0254], p=0.4172, Δ=0.0361",负向但不显著,正文稳健性边界,提示口径敏感,人口变量仅作敏感性控制；加入后效应收缩，主结论需保留口径敏感性说明。
8,正式异质性分组,Table 10 / Table 12 / Figure 6,"分组数=8, 最负组=经济发展水平-低经济发展水平, CATE均值=-0.0831; 最大组间差异=经济发展水平:高经济发展水平-低经济发展水平 Δ=0.0631, p≈0.0000",分组差异存在,正文异质性,提供异质性线索,Table 10为分组摘要，Table 12为城市层面bootstrap组间差异诊断；二者均不等同重新估计分组DML。
9,政策文本机制,Table 5 / Table 13 / Figure 4,"seed候选变量数=3, 回归样本量=290; LLM验证状态=not_ready, 验证就绪=0/3",技术链路跑通,技术附录,暂不作为正式机制证据,Table 13仅记录LLM评分准备与复核就绪度；not_ready时政策文本仍为技术附录证据。
